[
  {
    "id": "23d3d14a-b86b-4c2d-b14b-f35fe1f0ca58",
    "data": [
      {
        "text": "I\u0027m ",
        "userDefined": false
      },
      {
        "text": "Bry",
        "meta": "@sys.person",
        "alias": "person",
        "userDefined": false
      }
    ],
    "isTemplate": false,
    "count": 0,
    "lang": "en",
    "updated": 0
  },
  {
    "id": "e939c0b1-8665-4181-8bee-bd0bde7209f5",
    "data": [
      {
        "text": "The name is ",
        "userDefined": false
      },
      {
        "text": "Harry",
        "meta": "@sys.person",
        "alias": "person",
        "userDefined": false
      }
    ],
    "isTemplate": false,
    "count": 0,
    "lang": "en",
    "updated": 0
  },
  {
    "id": "1f79b6bb-79b5-4d90-9e79-0e6bab378fe1",
    "data": [
      {
        "text": "Thomas",
        "meta": "@sys.person",
        "alias": "person",
        "userDefined": false
      }
    ],
    "isTemplate": false,
    "count": 0,
    "lang": "en",
    "updated": 0
  },
  {
    "id": "4b64b4d5-b66c-4ceb-b589-4e9e66b4e6fb",
    "data": [
      {
        "text": "I am ",
        "userDefined": false
      },
      {
        "text": "Alice",
        "meta": "@sys.person",
        "alias": "person",
        "userDefined": false
      }
    ],
    "isTemplate": false,
    "count": 0,
    "lang": "en",
    "updated": 0
  },
  {
    "id": "a2369705-3533-4211-aa15-f285a907ec6a",
    "data": [
      {
        "text": "My name is ",
        "userDefined": false
      },
      {
        "text": "John",
        "meta": "@sys.person",
        "alias": "person",
        "userDefined": false
      }
    ],
    "isTemplate": false,
    "count": 0,
    "lang": "en",
    "updated": 0
  }
]