[
  {
    "id": "a978e4a9-3eb5-40e2-93c3-f7c91eec5408",
    "data": [
      {
        "text": "345",
        "meta": "@sys.number",
        "alias": "order_id",
        "userDefined": false
      }
    ],
    "isTemplate": false,
    "count": 0,
    "lang": "en",
    "updated": 0
  },
  {
    "id": "ab505bb2-5cab-4d61-ab17-b9a7368efb56",
    "data": [
      {
        "text": "123",
        "meta": "@sys.number",
        "alias": "order_id",
        "userDefined": false
      }
    ],
    "isTemplate": false,
    "count": 0,
    "lang": "en",
    "updated": 0
  },
  {
    "id": "87f69c90-9ed2-4805-ae61-ba0ec1ec9e4d",
    "data": [
      {
        "text": "7890",
        "meta": "@sys.number",
        "alias": "order_id",
        "userDefined": false
      }
    ],
    "isTemplate": false,
    "count": 0,
    "lang": "en",
    "updated": 0
  },
  {
    "id": "202ed53b-a996-4e76-9e1c-46fd6cf5a820",
    "data": [
      {
        "text": "here is my order id # ",
        "userDefined": false
      },
      {
        "text": "341",
        "meta": "@sys.number",
        "alias": "order_id",
        "userDefined": false
      }
    ],
    "isTemplate": false,
    "count": 0,
    "lang": "en",
    "updated": 0
  },
  {
    "id": "ce39590a-8a25-433b-8f20-f3946aee228a",
    "data": [
      {
        "text": "id is ",
        "userDefined": false
      },
      {
        "text": "453",
        "meta": "@sys.number",
        "alias": "order_id",
        "userDefined": false
      }
    ],
    "isTemplate": false,
    "count": 0,
    "lang": "en",
    "updated": 0
  },
  {
    "id": "b36152e0-02d1-40ac-860f-a67c751f0fae",
    "data": [
      {
        "text": "here is my order number ",
        "userDefined": false
      },
      {
        "text": "675",
        "meta": "@sys.number",
        "alias": "order_id",
        "userDefined": false
      }
    ],
    "isTemplate": false,
    "count": 0,
    "lang": "en",
    "updated": 0
  },
  {
    "id": "b503524b-3f2a-4a70-b269-e74d82de794a",
    "data": [
      {
        "text": "here you go: ",
        "userDefined": false
      },
      {
        "text": "123",
        "meta": "@sys.number",
        "alias": "order_id",
        "userDefined": false
      }
    ],
    "isTemplate": false,
    "count": 0,
    "lang": "en",
    "updated": 0
  },
  {
    "id": "31628216-f158-4fd4-a258-2be48de8be78",
    "data": [
      {
        "text": "here it is - ",
        "userDefined": false
      },
      {
        "text": "63321",
        "meta": "@sys.number",
        "alias": "order_id",
        "userDefined": false
      }
    ],
    "isTemplate": false,
    "count": 0,
    "lang": "en",
    "updated": 0
  },
  {
    "id": "2239f02a-f97f-428c-b635-eb6dc29ed176",
    "data": [
      {
        "text": "how about ",
        "userDefined": false
      },
      {
        "text": "40",
        "meta": "@sys.number",
        "alias": "order_id",
        "userDefined": false
      },
      {
        "text": "?",
        "userDefined": false
      }
    ],
    "isTemplate": false,
    "count": 0,
    "lang": "en",
    "updated": 0
  },
  {
    "id": "e6b42b8e-af98-4cf6-992e-5ed2884481c4",
    "data": [
      {
        "text": "how about ",
        "userDefined": false
      },
      {
        "text": "32",
        "meta": "@sys.number",
        "alias": "order_id",
        "userDefined": false
      }
    ],
    "isTemplate": false,
    "count": 0,
    "lang": "en",
    "updated": 0
  }
]